session,case,system_rg_ms,rg_zen4_ms,delta_ms,elapsed_change_percent,candidate_over_baseline,ci95_low,ci95_high,audit_verdict,interpretation
A,alpha30,162.897512,15.485223,-147.41228900000002,-90.49388611902188,0.0950611388097812,0.09301828139882418,0.09836534233904327,PASS,Measured improvement (95% interval below parity)
A,alpha30-line-numbers,166.53230100000002,18.022789,-148.50951200000003,-89.17760164738252,0.10822398352617489,0.10416960997367142,0.1096264836976881,PASS,Measured improvement (95% interval below parity)
A,hex17-count,162.9120535,15.373741,-147.53831250000002,-90.56316541980118,0.09436834580198819,0.09041274168897166,0.09865158518977356,PASS,Measured improvement (95% interval below parity)
A,digits8-count,15.851884166666665,13.966266666666668,-1.8856174999999968,-11.89522633508181,0.8810477366491819,0.8325621736284525,0.9012588903933597,PASS,Measured improvement (95% interval below parity)
A,directory-headers,32.377868,31.9759905,-0.40187749999999767,-1.2412105083632996,0.987587894916367,0.9578610399582628,1.0019045694007174,INCONCLUSIVE,INCONCLUSIVE: measurement check flagged this case
A,directory-kernel,90.779663,87.294558,-3.4851050000000043,-3.839081226816188,0.9616091877318381,0.9337364033652626,1.0129930201408537,PASS,No clear difference at the 95% interval
A,literal-absent,12.514739800000001,12.6958586,0.18111879999999836,1.4472438332277404,1.0144724383322774,0.9776045683346929,1.0801784644622094,INCONCLUSIVE,No clear difference at the 95% interval
A,literal-frequent-count,51.512102,49.04281,-2.469291999999996,-4.793615294518549,0.9520638470548145,0.9261196596697486,0.9631994924670338,PASS,Measured improvement (95% interval below parity)
B,alpha30,162.414405,15.26803,-147.14637499999998,-90.59933754028776,0.0940066245971224,0.0899662106604576,0.09755258549304481,PASS,Measured improvement (95% interval below parity)
B,alpha30-line-numbers,165.88482249999998,17.352787,-148.53203549999998,-89.53925576886337,0.10460744231136637,0.1021950815847638,0.10640991301575072,PASS,Measured improvement (95% interval below parity)
B,hex17-count,162.9217185,14.593821,-148.3278975,-91.04243367037648,0.08957566329623512,0.08772541067177488,0.09788288161136938,PASS,Measured improvement (95% interval below parity)
B,digits8-count,16.349529833333335,14.338649666666669,-2.0108801666666665,-12.299314947680607,0.8770068505231939,0.8137467117914737,0.9139752652961755,PASS,Measured improvement (95% interval below parity)
B,directory-headers,31.107605,31.679721,0.5721160000000012,1.8391515515257417,1.0183915155152574,0.9971828855962688,1.028384104144308,PASS,No clear difference at the 95% interval
B,directory-kernel,87.052785,85.932729,-1.1200560000000053,-1.286640054077537,0.9871335994592246,0.9760776981460156,1.0109385359411656,PASS,No clear difference at the 95% interval
B,literal-absent,11.5059716,12.0871708,0.5811992000000004,5.051283109372529,1.0505128310937253,1.0117761658633948,1.0937764802510344,INCONCLUSIVE,Measured slowdown (95% interval above parity)
B,literal-frequent-count,51.084714,48.087144,-2.997569999999996,-5.867841405552343,0.9413215859444766,0.933463500569269,0.9638144637407278,PASS,Measured improvement (95% interval below parity)
